title,description,published_date,url,publisher,sentiment_score,sentiment_label
Opinion | The World Seems to Be Surrendering to Climate Change - The New York Times,Opinion | The World Seems to Be Surrendering to Climate Change  The New York Times,"Wed, 23 Apr 2025 19:01:12 GMT",https://news.google.com/rss/articles/CBMidkFVX3lxTFBRemVNNEdYTTNGZ090M29xdEhMMU9TV0FsVl9rZUZYbkxMeTdlenV5VzRldTZsZWZBZFlIbzdNNWduTkRnNVJlal9RRU1RVGhkSnFCR3J0ZlZfT1dMWDJEU01oRnQ1SGV3TW5HM1dlUEM0OGJXcVE?oc=5&hl=en-US&gl=US&ceid=US:en,The New York Times,"{'neg': 0.0, 'neu': 1.0, 'pos': 0.0, 'compound': 0.0}",Neutral
Rubio eliminates office that oversees climate talks - Politico,Rubio eliminates office that oversees climate talks  Politico,"Thu, 24 Apr 2025 22:00:40 GMT",https://news.google.com/rss/articles/CBMiiAFBVV95cUxQNGU2OUhDWUNobW5fZXlua3hXdmtZRHExd3RQOV8tdG1xbnBHY0NKU0FCazRUNTg4ZEJGX3NBYUZ3Ty0wdTFyTm5rdFRQMEwzSEF5MUZac05JYjRtRElhLXNsdWxZeHo1NmRzUWFHU0c2RzRLUDlJQUJCXzZMU3J4N0RzeHNSLXhf?oc=5&hl=en-US&gl=US&ceid=US:en,Politico,"{'neg': 0.0, 'neu': 1.0, 'pos': 0.0, 'compound': 0.0}",Neutral
How weather reporting is evolving because of climate change - The Arizona Republic,How weather reporting is evolving because of climate change  The Arizona Republic,"Sun, 27 Apr 2025 00:47:43 GMT",https://news.google.com/rss/articles/CBMizAFBVV95cUxPWk9lanBBRDZCUlFGZVBpeDltQTRNM3JfUTZDeFpndnNjd3pMbkFWWUM5U1J3ZG9GeFM1X1lsV2F5U1hwY01VTFMtZTFSQ0VYeERaTER6djRSY1lKMjhfTk01RUM5c2hTNUZyajNQWmVySGhHUTRDQ1hjbTJ2M1o1WXlIZUNSZ0sxQjdiTk5FSkxXdEdUUWhkQUxUYXNDYl9laVRLeUhSVFNnd3JrMm1qa0dYWkRhSWRuWUxoT1F5bE5TdDhnV3FrTHV3QlE?oc=5&hl=en-US&gl=US&ceid=US:en,The Arizona Republic,"{'neg': 0.0, 'neu': 1.0, 'pos': 0.0, 'compound': 0.0}",Neutral
How journalists help readers understand climate change's local effects - The Arizona Republic,How journalists help readers understand climate change's local effects  The Arizona Republic,"Sun, 27 Apr 2025 00:40:02 GMT",https://news.google.com/rss/articles/CBMi5wFBVV95cUxPR2UtSXlvSzJWbmptX1FMak9RS2pfNXZfdjZlMTVZcWhaSFk5dEN1R1JQZktBdE9KMWUwMm5LSDZGNjBhTE9zeTRucFJlMzlRYTZFdkdEb0w1RTJnOVkzWm1JMjJQdTZXMmN4U29vWUlOZFNTZFk5RlZyNVhiOFNWa2hSTmJ2MVFKOU9rUDlyTFRQbENTOUdzQ1BHUEZlRnZvcHFYMUhNTURRTVlKRlNianZmQVdJaVREaGxkUUZNQTh0dWl3ZHBqUTZYOUJDdTZ0RVVUanhKbkJIOEM4MmEwRWRNMmo0akE?oc=5&hl=en-US&gl=US&ceid=US:en,The Arizona Republic,"{'neg': 0.0, 'neu': 0.803, 'pos': 0.197, 'compound': 0.4019}",Positive
John Kerry says Pope Francis rolled his eyes at climate change inaction - Fox News,John Kerry says Pope Francis rolled his eyes at climate change inaction  Fox News,"Fri, 25 Apr 2025 19:59:28 GMT",https://news.google.com/rss/articles/CBMiVkFVX3lxTFBKdVcwRGxaNkM5QWlyT0JUN2gybXdVbTZpajVJaGhhTjdnb256R21nZksyZlM5djR0azJQZENsaXRwQ3EwX2pPSWMzUm9mOHYzdUhMVGFn?oc=5&hl=en-US&gl=US&ceid=US:en,Fox News,"{'neg': 0.133, 'neu': 0.867, 'pos': 0.0, 'compound': -0.25}",Negative
5 ways we’re making progress on climate change - vox.com,5 ways we’re making progress on climate change  vox.com,"Sat, 26 Apr 2025 12:30:00 GMT",https://news.google.com/rss/articles/CBMisgFBVV95cUxNSk9jOXQ4Rkdrdng0RXZpTTJHbHd1REp3d2tfc1BCOENVeUh0ZkxsTWtDNUkxQklRbGZDUHp6aWRWVjFKYVRmRDF4aHNOUlZLNHdIeHJNU1NwRFFURFpxV1hWM240WFVhbTNqLUp0QUxwMExYdW9MSGN0endhVWxNX2R4N2xQc0kydmxUMnZHTjE2bDVBbGZxSHJsWjJBYTh0RG1xVlVuVFpFSDVmUzgyS3VR?oc=5&hl=en-US&gl=US&ceid=US:en,vox.com,"{'neg': 0.0, 'neu': 0.714, 'pos': 0.286, 'compound': 0.4215}",Positive
How climate change is making our rice more toxic - WBUR,How climate change is making our rice more toxic  WBUR,"Fri, 25 Apr 2025 16:01:06 GMT",https://news.google.com/rss/articles/CBMib0FVX3lxTFB0akNnWVNIUmxGejF3NmxISnJzTGJrZ0JyaEotaWpSNHdMV0xnUVBKR2o1dTVpWmtqc3cwVVg0T2RpT1BRbklxaUJMRG5HRzk2dkpFWjhFcjZHclhTMmZCUkhiYlNNYklrOGZqT25Gaw?oc=5&hl=en-US&gl=US&ceid=US:en,WBUR,"{'neg': 0.0, 'neu': 1.0, 'pos': 0.0, 'compound': 0.0}",Neutral
Climate change: How mountain communities are scaling new heights - UN News,Climate change: How mountain communities are scaling new heights  UN News,"Thu, 24 Apr 2025 15:53:04 GMT",https://news.google.com/rss/articles/CBMiV0FVX3lxTFB2QUlaZ19GNTZFaUJCVnNGeWlyaUtIQ1QtdFhhWXdDa0VMRkVOd1Fqd1U3UjFWclBlaWd0QlRleDZrQjNoclE2MFVZUmYtV3pHSXVvSGpGaw?oc=5&hl=en-US&gl=US&ceid=US:en,UN News,"{'neg': 0.0, 'neu': 1.0, 'pos': 0.0, 'compound': 0.0}",Neutral
Climate and environment updates: Climate change now primary driver of biodiversity loss in US - ABC News,Climate and environment updates: Climate change now primary driver of biodiversity loss in US  ABC News,"Thu, 24 Apr 2025 16:42:00 GMT",https://news.google.com/rss/articles/CBMilgFBVV95cUxQbEIxYVB3ODBYUnNLZm03NG1Lc19rM2RuNHdWV3VLQjc1QldIaGRFTVl3dGxmd0VPRG5uYlBMSFVtZTJOSTlQcFByVWZpV1dteU9ZVm9GQ0ZjclNLcV9oZDVsZnM3SmY0Zi1RZ1RwYUJINTVKT1R5dWpReWtkd0p4YllBbEVONmt6cWJkU0k5MmN3aWFRZ3fSAZsBQVVfeXFMUERNSU05cXNkTGMzOEZ4MG9KeXdZckdCdEhjbEZUTTlQTXpzQ1NxOEFZVkhKLTFiLVdSQVJRSmhfbENYLUZnLV94M0hkYWZZZExiT3ZabFdzc0pFVS1KbHRQbmZlZlVyTTVzTnFORDc2VjdwSFI5VlF0QnJsWjl1dkpxOFgzeW1HVTlsQV9tZU5pRVYzcVZnSkVsZzQ?oc=5&hl=en-US&gl=US&ceid=US:en,ABC News,"{'neg': 0.133, 'neu': 0.867, 'pos': 0.0, 'compound': -0.3182}",Negative
"Climate change could deliver considerable blows to US corn growers, insurers: Study - The Hill","Climate change could deliver considerable blows to US corn growers, insurers: Study  The Hill","Fri, 25 Apr 2025 18:41:00 GMT",https://news.google.com/rss/articles/CBMiqAFBVV95cUxOM2R6c0lKRTIwUExkSVB6V0ZCQU1tTUZ3UGVIUUE5N1dOeVl1dFhjTmFOQnQ1WXhDbFpEYjRZejkxNTczS0g4bkhOZmc2MkZoVThmRmJnTXpJZDZlTVFndmpKeTNwSDFvclNSX1o1WkdGYW9wLXFLY1dyc2J5VmJGTnZITl9aN0N5MEV4TmRiQTkxUC1RcXdXZTdYSGFTNXJjMGpyWFlZb3fSAa4BQVVfeXFMT3Z0NkwxcmI4RkRCX3h1a3hMdzMtRkNyd2RieVFaVFZaTjRJYkItTm9tT3UwZUh2MmJpa0hsbDE2UzRLVk5PVVdsRXRaWUFwSUtUeWxIVkItV3B1VXVCNDZJZHMyX3VnbkVicThrUC03N09FWWRKTmtRZ1ZZVEVMdjd6N2pPcmZCVVBIRE1kVmNtQlVTdzlCQ3d2cm1tRjNoOEJneWZiR1lFM0xjaXh3?oc=5&hl=en-US&gl=US&ceid=US:en,The Hill,"{'neg': 0.0, 'neu': 1.0, 'pos': 0.0, 'compound': 0.0}",Neutral
AMA adopts new policy declaring climate change a public health crisis - American Medical Association,AMA adopts new policy declaring climate change a public health crisis  American Medical Association,"Fri, 25 Apr 2025 02:49:12 GMT",https://news.google.com/rss/articles/CBMiwgFBVV95cUxNVm9hMjY2V2pSTXRFcU0zOGRGLTRfbGFRaVNuRkFtaGhlMW1lX3JyUllTSWM2WEprMndmcENFa2FMVjA3dHhnLXlucXYxVU0zbDBwNW85NjFwTl9CbGhwXzBvbHhxbUpjRFlINUNabjZXRFJmVTRfb1Q4WTRkOFNOcE9DSDlkemVLZnRFZVlDdWRPNWkybFFxd3dhX0FTM2d3TVlKR19hNEgtaEpZYzBIX1dSaE5MdVlIcTBWYnlGN2dldw?oc=5&hl=en-US&gl=US&ceid=US:en,American Medical Association,"{'neg': 0.244, 'neu': 0.655, 'pos': 0.101, 'compound': -0.5267}",Negative
How gender inequality and climate change are interconnected - unwomen.org,How gender inequality and climate change are interconnected  unwomen.org,"Mon, 21 Apr 2025 12:00:00 GMT",https://news.google.com/rss/articles/CBMiqAFBVV95cUxOTmpkdGUzeGxaQ0ZGWkVrV29SeElpYlo2dUpISWlrRy1kRGItNll3Mjd5c2dnMXpqVlhNRTFGT2FCYlF1aEFqd0VNUTVEWUgtNTV1R1JSQ0I4Y1l5QW10NnZMZnBwN0wxeVJjeXZYNjlhM1BMWkhoVEttUVR1VTRWRE9OQ2oxbk5MczlhdXh5TXd0Z05YZmNCS3Z6U0RvMVVxQk4xa2Y3TDQ?oc=5&hl=en-US&gl=US&ceid=US:en,unwomen.org,"{'neg': 0.0, 'neu': 1.0, 'pos': 0.0, 'compound': 0.0}",Neutral
"Climate Change, Once a Big Issue, Fades From Canada’s Election - The New York Times","Climate Change, Once a Big Issue, Fades From Canada’s Election  The New York Times","Sat, 26 Apr 2025 09:03:17 GMT",https://news.google.com/rss/articles/CBMihAFBVV95cUxNR3htYVY1LU14LXJPa0ZPZFB3NTlJeU8yTjV5Q0RUcHJ6VzZSZ2oyWWt6NWplb3FMa0cwcFNOYUFmSjhIcG1NZzlFRF9wNEdibVNVaTZyd2ZRNVJlTVhCUmhoZ1luRndYbjFwTkxJUDBmV0pLdjJKWkdqaXNvZHJxMnc0WDg?oc=5&hl=en-US&gl=US&ceid=US:en,The New York Times,"{'neg': 0.0, 'neu': 1.0, 'pos': 0.0, 'compound': 0.0}",Neutral
The Climate Emergency - UNEP - UN Environment Programme,The Climate Emergency  UNEP - UN Environment Programme,"Thu, 24 Apr 2025 11:57:31 GMT",https://news.google.com/rss/articles/CBMiT0FVX3lxTFAtVF9MVFZmXzl4TWlXc2lTaWJZOWx3a2NGVkFmQk4wTzFMN0twNF81aHJ6YW5jQklpOE5JbWtFMHBsT3dwRmZ0RjI0eDM0RVU?oc=5&hl=en-US&gl=US&ceid=US:en,UNEP - UN Environment Programme,"{'neg': 0.302, 'neu': 0.698, 'pos': 0.0, 'compound': -0.3818}",Negative
Pope Francis focused on climate change as the planet continued to get hotter - NPR,Pope Francis focused on climate change as the planet continued to get hotter  NPR,"Mon, 21 Apr 2025 16:37:02 GMT",https://news.google.com/rss/articles/CBMifEFVX3lxTE9kSWtyZmR5dXVnanJtdFU1R3lYcTZBdjdNdjRzUFVhTUxtOXhPZTdVVk42blZ0YWJhMEZmN3cyWm9GQzZ0X1NZcEdNNDdXQnZRcFJ3Y2FBRU9tcC1NbzNURXo0RVlGNVZKN25oakhnaVFZZGxpWkJWcXhqT2k?oc=5&hl=en-US&gl=US&ceid=US:en,NPR,"{'neg': 0.0, 'neu': 0.833, 'pos': 0.167, 'compound': 0.3818}",Positive
Miami Now Has 3D-Printed Coral Reefs Designed to Fight Climate Change - VICE,Miami Now Has 3D-Printed Coral Reefs Designed to Fight Climate Change  VICE,"Sat, 26 Apr 2025 18:14:15 GMT",https://news.google.com/rss/articles/CBMipAFBVV95cUxQSUZYeUtsWHBrLUNrdTF5OTl1OUJoYlFXMEVhMDZqRV9EWVh3N3NzYmtCMUVmQWI2dEtYdG9mVmkwSDV5T2RhM1NJZ21xWTlxRHV1OWlNR3l0bFdYV1EtMm5QcXR6UGJFaExZX2tQcTBKZm5nRHAzNkRWOHZIQllzSE84UlpGeVJzcHdtT0V0U2VQSUw2TVZodTNnQTlZZGNrN2k3Tg?oc=5&hl=en-US&gl=US&ceid=US:en,VICE,"{'neg': 0.191, 'neu': 0.809, 'pos': 0.0, 'compound': -0.3818}",Negative
How a Changing Climate Is Reshaping the Spread of Infectious Diseases - Inside Climate News,How a Changing Climate Is Reshaping the Spread of Infectious Diseases  Inside Climate News,"Sat, 26 Apr 2025 09:05:00 GMT",https://news.google.com/rss/articles/CBMingFBVV95cUxNRHZvQUp4YWJ1QURYTDF0czh6aFFGMnV4RDhHNXlZbGVUZklfM0RNTGlNZkRJTGFzdDBzSk9uWTJqa1R3SVFyLVY0U3M3d0FJOW9NaWYyZTByM2VQSjZhVFV2TzdPSFM1RXVyQzRGVjVfcktjeFZiRlZtcTlGNlhXUXRZQ2FuR0ExbUp4VTNZeHM0N1NocWdLMmFhVW5PZw?oc=5&hl=en-US&gl=US&ceid=US:en,Inside Climate News,"{'neg': 0.0, 'neu': 1.0, 'pos': 0.0, 'compound': 0.0}",Neutral
"Big Brains, Big Problem? Study Links Bird Intelligence to Climate Change Risk - SciTechDaily","Big Brains, Big Problem? Study Links Bird Intelligence to Climate Change Risk  SciTechDaily","Sat, 26 Apr 2025 16:03:25 GMT",https://news.google.com/rss/articles/CBMiSkFVX3lxTE9NeDkxczFMbVNFQUpjMHpCaXl1S3dnTjJ2aTdvcUdFWWVzRjRhSmp5emJmdVBsYkllYzdQU3hLRl9DOU00NW41UWJB?oc=5&hl=en-US&gl=US&ceid=US:en,SciTechDaily,"{'neg': 0.268, 'neu': 0.559, 'pos': 0.173, 'compound': -0.1779}",Negative
"China's action on climate change will not slow despite global political changes, Xi says - Reuters","China's action on climate change will not slow despite global political changes, Xi says  Reuters","Wed, 23 Apr 2025 16:25:33 GMT",https://news.google.com/rss/articles/CBMixAFBVV95cUxNejRnTFloeWg4UU5QczBwc3ZDcGdmT0taS1M3SmFsbEdJd0JqQno5YnhhMkVyU1FXWUMwalgzS0E0a1JKOVl2RVFMQ3Z5RjlGUEo2eFdZLTAzWktlQkdDSVJmYWpnUDdpay1fc1VSYVhPSEdSbnJKekExdFRhME9hU3RJb2pBQWUtR1JjMnVDaTlpaWpBNG9UaUNfTEJ3NTVSQ2xoQ2VmT21zcjhDWjdpU1FnSy1fNW5IRUhWWmhrdW5tX3p5?oc=5&hl=en-US&gl=US&ceid=US:en,Reuters,"{'neg': 0.0, 'neu': 1.0, 'pos': 0.0, 'compound': 0.0}",Neutral
Dual impact of global urban overheating on mortality - Nature,Dual impact of global urban overheating on mortality  Nature,"Mon, 21 Apr 2025 16:10:55 GMT",https://news.google.com/rss/articles/CBMiX0FVX3lxTFBQM3Y1M05KUGh1RVdiSThNYnNYSS0wRWxJVTd1b2J6bjdaQlp2RmpHZEU1enRhYXFoaEF6X0tmWUZwZ3ZIcFB0cHRyZnRnc2hnNmtLWENWdUQzQjVzLVR3?oc=5&hl=en-US&gl=US&ceid=US:en,Nature,"{'neg': 0.0, 'neu': 1.0, 'pos': 0.0, 'compound': 0.0}",Neutral
Study Lays Out Scientific Path to Recouping Climate Costs - Dartmouth,Study Lays Out Scientific Path to Recouping Climate Costs  Dartmouth,"Wed, 23 Apr 2025 15:10:52 GMT",https://news.google.com/rss/articles/CBMimgFBVV95cUxON3dFRERCQlNQS1VPRGZYeGhicmRKekFyR0NWUFhGTnhncl9Wdjhjel9IVnJJV3J6djAwSWY0eHRhTUlRQ0NSbDR2b01zcnRVWkpGOTRIT21HMzZHbVUyYTVRcFdkV2NRNmd4S3RqLWpERzFPUHlTWUV6WTc2V18ySjRVUjNQMWdqNC16aU5jZW1sMlJRaHc0UnRR?oc=5&hl=en-US&gl=US&ceid=US:en,Dartmouth,"{'neg': 0.0, 'neu': 1.0, 'pos': 0.0, 'compound': 0.0}",Neutral
"Climate change and reproductive health are linked, journalists say - The Arizona Republic","Climate change and reproductive health are linked, journalists say  The Arizona Republic","Sat, 26 Apr 2025 22:45:14 GMT",https://news.google.com/rss/articles/CBMi4gFBVV95cUxNR0xUcXFkd1RrM2hHRG4wekZhSjRIbDdRQlJKdzVoc0ZBSEZDeFpCcUxIY0J4bTNkT0g5bGZIM1ZBb0h4MTduNDhqaG1uZ2tTMkQ1TlJXYmJObTBSb0dOemJkMWVLWUpMNnE5UVVzX0pBRmpaLURfc3FPajBWb092RnBRckNTZ0pmTkowejE5UENrSVlYUDBZU0oyNnpRaWk4dW0xUG9Idzg0T0x0cEEwMFpvM08wdThkeFpHWVgwUGFEVEU0NXFNWGJjUXlqX3prWFZrVjF5ZUhRVThvMHVKNDBn?oc=5&hl=en-US&gl=US&ceid=US:en,The Arizona Republic,"{'neg': 0.0, 'neu': 1.0, 'pos': 0.0, 'compound': 0.0}",Neutral
How Pope Francis Helped Inspire the Global Movement Against Climate Change - The New York Times,How Pope Francis Helped Inspire the Global Movement Against Climate Change  The New York Times,"Mon, 21 Apr 2025 17:43:03 GMT",https://news.google.com/rss/articles/CBMigAFBVV95cUxQSmhGTVotVzM4X2hEYTJ5ZFZTQ1FDZDdxZFVkb0EtY0dTNHliV2ZJLXJhWDZoVUFjdGJGZXlDR28wTGxiNlJuc2U5LXJ1T1ZkcWtWSTVUUmh5OW5wV3RVUW44MF9ZWWpNQWlqNXJ4T1ItOHBmYjd4SFMwRjRJTTJsaQ?oc=5&hl=en-US&gl=US&ceid=US:en,The New York Times,"{'neg': 0.0, 'neu': 0.791, 'pos': 0.209, 'compound': 0.5719}",Positive
Leaders in climate change talk extreme heat at 2025 SEJ conference - The Arizona Republic,Leaders in climate change talk extreme heat at 2025 SEJ conference  The Arizona Republic,"Sat, 26 Apr 2025 21:28:23 GMT",https://news.google.com/rss/articles/CBMi3AFBVV95cUxNUkRkUHVNUWllSjdjSEpBUE5yM2dJMzh5OGFUWmttaFZPcTZVN09waUFVTFdDTUEwR0V6LWZRejI2ajBDUkJhdjl1bVUxTDFvYWtPNVJEd2F3emxTQm5IZmRPZzVLbkc2UWc5ZF9LdWZFRXJtODRnYVpfZGtWMEQ1cjQtS2FlY2ptRDN1TDNLTGdMR195TnkwN1lWNGd2MEdqTEhwZGlyaXU4Sk1MQVRlUGVZbk00OHZ1bWtmZ0lWUnA2eEVrSUFndlJMWl93amdQcmx0aEcyWDh0VjVh?oc=5&hl=en-US&gl=US&ceid=US:en,The Arizona Republic,"{'neg': 0.0, 'neu': 1.0, 'pos': 0.0, 'compound': 0.0}",Neutral
5 things to know about infectious disease and climate change - The Arizona Republic,5 things to know about infectious disease and climate change  The Arizona Republic,"Sat, 26 Apr 2025 16:20:44 GMT",https://news.google.com/rss/articles/CBMizgFBVV95cUxQY0ltNGxsOVRsSTZmNURZejdENjZETER3eXRac3A3VEFtd2JfdFdfdnplN0JqeXdnWEw2R0V6enc2T0hzVllxcEx5eGxMNmRDa0VsOUhRNHZmc25qdnNSRFFtQUxpRXhod0xqUElrMGxtMzBUM3FraFducHB3aE1kVmhHTDdSN1VCNWcwMmhnWlNoV1hHR1F3Uzk1ek1iSVp4MUotZHdyNnpuZG04cm9vclJOSzVYS1NEeTlXSnZjcGlfTGFBam9iV1VFRTVTZw?oc=5&hl=en-US&gl=US&ceid=US:en,The Arizona Republic,"{'neg': 0.0, 'neu': 1.0, 'pos': 0.0, 'compound': 0.0}",Neutral
How 50 years of climate change has changed the face of the 'Blue Marble' from space - BBC,How 50 years of climate change has changed the face of the 'Blue Marble' from space  BBC,"Tue, 22 Apr 2025 10:00:00 GMT",https://news.google.com/rss/articles/CBMitAFBVV95cUxQdjltZEhNX0VYVm5BX2ZOQWZ3LVpMVGZLOHlmeHNGT2htTi1jTGlzaldwUHROcDBTeEEwNlVhQ05jOFdPb1VqVTJTNVg1MHVyQ2QzMWdOTGItcGlsSGcwYldGMVVEejJkUHRONVVvTlRmTjZOc29iLW5TaWFDY0pSMUlCX1I2TmxTdEs2NUZJdWNEV3Jta2M1MHFQNjhMVGxNTUVid0dRS0ZPWE9tWEdpbjRpSjM?oc=5&hl=en-US&gl=US&ceid=US:en,BBC,"{'neg': 0.0, 'neu': 1.0, 'pos': 0.0, 'compound': 0.0}",Neutral
World leaders rally for ‘full-speed’ climate action ahead of COP30 - UN News,World leaders rally for ‘full-speed’ climate action ahead of COP30  UN News,"Wed, 23 Apr 2025 14:44:26 GMT",https://news.google.com/rss/articles/CBMiV0FVX3lxTE95MXpzR0ZaWmRrT1djZ212S21TMnY0ZE9naE40VHhPOWNsbzFkbUFnQllWVS1pdVJZeDVrbG1oMklheThYbC1QM2Z4REM3Ty1pTkJhTFJCZw?oc=5&hl=en-US&gl=US&ceid=US:en,UN News,"{'neg': 0.0, 'neu': 1.0, 'pos': 0.0, 'compound': 0.0}",Neutral
How Pope Francis Influenced Global Climate Change Action - Scientific American,How Pope Francis Influenced Global Climate Change Action  Scientific American,"Mon, 21 Apr 2025 16:00:00 GMT",https://news.google.com/rss/articles/CBMiogFBVV95cUxQZnlmbElQd0xsNlNGaU8zUmJZbThBd0hMM3RtOE85SGxWME1JYXQtdEJPNGk1THRKM0YxeGlydUZzQ2lRTHUwdk5xc3M3dGQyZUtUQlJhVW5RbWxhdWZfQm85VlV1T00xaGgyb3ZaT25rSTRGM1g2V1RZUnZPOTZoRGtnNnF4UEdoRzkxc3dzQXdqOXVua1RQS2lZWVdwbVZ1SXc?oc=5&hl=en-US&gl=US&ceid=US:en,Scientific American,"{'neg': 0.0, 'neu': 1.0, 'pos': 0.0, 'compound': 0.0}",Neutral
Climate change gets the spotlight at Rise Up Boston in the Museum of Science - The Boston Globe,Climate change gets the spotlight at Rise Up Boston in the Museum of Science  The Boston Globe,"Sat, 26 Apr 2025 20:42:38 GMT",https://news.google.com/rss/articles/CBMihAFBVV95cUxPRWZRbkdEWlhCU2VjNTRaWXVtcjlpN1k5dGpKcVRmZUhzQm8zWVZON1R6TTRhWW5Xek41UEhfbDJfNkhIa2RqTWxDYUZ2RmFFa2dwQ2VuUHkxaEdWWDJsWmV0WHNsYXRjSUExVVNWSGVNWjdNNU5EaGVfOGZMMXpTcUtNNTE?oc=5&hl=en-US&gl=US&ceid=US:en,The Boston Globe,"{'neg': 0.0, 'neu': 1.0, 'pos': 0.0, 'compound': 0.0}",Neutral
"At the Bruce Museum, a Climate Change Exhibit Inspired by Alaska - The New York Times","At the Bruce Museum, a Climate Change Exhibit Inspired by Alaska  The New York Times","Fri, 25 Apr 2025 09:01:00 GMT",https://news.google.com/rss/articles/CBMijwFBVV95cUxOdTdkdFpJZS1MOXFVVEI2LXZKTVdtODhpY2pfOU1xc1VYdVRURzRZN2R0MEY4ZjNnM0VKSDdDLVdjNlNNeEN0ZjZWRDFRekpUb29oX2QycG1waG5mbmoxUUZ1aC12a1AzV2JJQ000ZFhZS0NoYzNFZE56dEIza0dUd1IzNmxxRUVaVlVlb09pZw?oc=5&hl=en-US&gl=US&ceid=US:en,The New York Times,"{'neg': 0.0, 'neu': 0.802, 'pos': 0.198, 'compound': 0.4939}",Positive
Local leaders raise temperature on action to fight climate change - UN News,Local leaders raise temperature on action to fight climate change  UN News,"Wed, 23 Apr 2025 02:00:02 GMT",https://news.google.com/rss/articles/CBMiV0FVX3lxTE10ZGU3TUZmYkk2bFdlRTVYUkJVVHJhblFCRU5ucHh5dmxGakNMTHQycS1faF9jemRoUUhfWHBjZDNMT2t5dHZWR3BpRExsaEllaTNlc2loNA?oc=5&hl=en-US&gl=US&ceid=US:en,UN News,"{'neg': 0.191, 'neu': 0.809, 'pos': 0.0, 'compound': -0.3818}",Negative
Why Australia’s most prominent climate change deniers have stopped talking about the climate - The Guardian,Why Australia’s most prominent climate change deniers have stopped talking about the climate  The Guardian,"Sun, 27 Apr 2025 01:38:00 GMT",https://news.google.com/rss/articles/CBMi3wFBVV95cUxNU0FsRU9IYXdqSThUSzZUalMydWFCbVp1WDZEMHBwQkl2bDVrUmdjUUY0MDY4MVlZR0pEeTJZVEp1U3lJMUZJN2hWZ0tRUXhYTkduaWdwSXRGUWhMdjRIMC1pbWE4Mm1VeUJGemFZN19QMnIyUWxRUmo0aHVmX1NLY2JTN0J2YUJEZG1iOEtiVDkyS1B5V2lCSGpZRTJVOVlWM0RueW1BbWxKVVR2V1pUM0E1M3NWeHRvS3dTeldzUUdvVGU3MjJxRzJ3SHRpdkd5dkQ0cm4zYlN3aGd5VVNF?oc=5&hl=en-US&gl=US&ceid=US:en,The Guardian,"{'neg': 0.215, 'neu': 0.645, 'pos': 0.139, 'compound': -0.1045}",Negative
Zohran Mamdani Tackles Climate Change and New York City’s Cost-of-Living Crisis - The Nation,Zohran Mamdani Tackles Climate Change and New York City’s Cost-of-Living Crisis  The Nation,"Tue, 22 Apr 2025 09:33:45 GMT",https://news.google.com/rss/articles/CBMikgFBVV95cUxOaGdpR182MVJ5Rzl0UE9ESDhjX05HeEQ1bllaOXZheTAwWVZ1MVdTdUczblFKdTZKZlRNdlAyTDY1THN5eTE1ZHhvSFV4VjlGZ1A3cFk4aGRIMlJTeWhSWGZ3X0U5bk1qc3JDSnNMZlJ6Vl85SjRia1JvbTFuRlF1X2tDd0hvNDlqX2phUU5iczZXZ9IBmgFBVV95cUxOdDU2NW9CUHk3czZwVjF1cjEtRmhOLUs2NTl4V3FtQTZack5nZUE5TEIwQ29SaElxZDNFWFYzYUJXN0dFSDd3N2NlUzJ1eXV0ajdVT1ZnTGsxUUtQeDk3ZURGSFMtMDBibS04dkdPTkI5XzBROFBBaVNqTkwxMGhTZVJSWmV2cnZLMmVpNlFfSmIzS1pOSUNORWVn?oc=5&hl=en-US&gl=US&ceid=US:en,The Nation,"{'neg': 0.255, 'neu': 0.745, 'pos': 0.0, 'compound': -0.6249}",Negative
Global perceptions amid earth’s temperature breaching the 1.5 degrees tipping point - ipsos.com,Global perceptions amid earth’s temperature breaching the 1.5 degrees tipping point  ipsos.com,"Thu, 17 Apr 2025 07:00:00 GMT",https://news.google.com/rss/articles/CBMiX0FVX3lxTFBpR0FXZjY4emZwYWExT0JQbUREZS1tZG01bDU3WV90aWJQdUtrRGpjY3RLMGNRRURpUmt2OTdHeGxUaFNkSDJiendmSEg1c0tWb0prMll2ZWt1R1dNc0dJ?oc=5&hl=en-US&gl=US&ceid=US:en,ipsos.com,"{'neg': 0.0, 'neu': 1.0, 'pos': 0.0, 'compound': 0.0}",Neutral
Hydropower system in the Yarlung-Tsangpo Grand Canyon can mitigate flood disasters caused by climate change - Nature,Hydropower system in the Yarlung-Tsangpo Grand Canyon can mitigate flood disasters caused by climate change  Nature,"Sat, 26 Apr 2025 12:23:42 GMT",https://news.google.com/rss/articles/CBMiX0FVX3lxTE00QXVHRUpiMm1Sa0VwV1dzRXlWWXZtNVVnX003SEs2bG82Yk1WSVR2TnRITl9Qa01VcGt4SEFuQ2QxRDdhLVVGN2V0UVhvNjRReG1iSkRSd3FsMUZSaG93?oc=5&hl=en-US&gl=US&ceid=US:en,Nature,"{'neg': 0.175, 'neu': 0.68, 'pos': 0.146, 'compound': -0.1531}",Negative
Climate change mitigation: reducing emissions - European Environment Agency,Climate change mitigation: reducing emissions  European Environment Agency,"Wed, 16 Apr 2025 07:00:00 GMT",https://news.google.com/rss/articles/CBMikwFBVV95cUxOUFdSeDN0M05TbDlHekNWTWFxYTVkcm5Lc0RacHVneVgyOHYtc1duUzYwRE1iVGxrYnpqQ3VKeHNnckh2d01acTh4dUc4REd6c0NJdVRXM0M4bGhpUlZ3Z1NRQjBEM3lwTF9WYW93QTJtMUw5Q0k1V0NSZDJBeFBMMldhRnh3N1FlYmY2VE5XQmRSaDg?oc=5&hl=en-US&gl=US&ceid=US:en,European Environment Agency,"{'neg': 0.0, 'neu': 1.0, 'pos': 0.0, 'compound': 0.0}",Neutral
State leaders defend climate change initiatives despite Trump administration’s threats - VTDigger,State leaders defend climate change initiatives despite Trump administration’s threats  VTDigger,"Tue, 22 Apr 2025 23:23:21 GMT",https://news.google.com/rss/articles/CBMiugFBVV95cUxQdVN0T3JjSFpMdmM3T3lDak8zX3BISjNMaXpZX015TV9Nclg2WElEa09SZnhhVDhOdUlzamhCRlFpRVFubzFnVGtOSDZ2TTJlZlhFbkoweWNmUzBiVUpvTVpQQ2MzZkotaGw0N1FIOGtsZWdPbHpOS0NyZ2tzTFB5T1VBQUs4WWhyTlkyLWphMTRoUG9uLTJjdDYyNVdES2Zib3NLcUI0X3lWaG1rY0JPVmw1SXR0dlFuN1E?oc=5&hl=en-US&gl=US&ceid=US:en,VTDigger,"{'neg': 0.0, 'neu': 0.811, 'pos': 0.189, 'compound': 0.3252}",Positive
"Georgia shrimpers grapple with trade, disease and climate change - WABE","Georgia shrimpers grapple with trade, disease and climate change  WABE","Thu, 24 Apr 2025 23:03:45 GMT",https://news.google.com/rss/articles/CBMijgFBVV95cUxOOHF1dTNPdkxiZ0xvUGlpYkFheTVyOHc0OHFNRXV1TGpHT0dURndKcmt2cTM3MVZNUkdZbWllRTNYXzN5UWs2bXRjN05Ka2U3ZEo3NEpMT3doNUxuT3FoTUwwRnZKYjFGdjNwN1dhVVZURWlNc3JTenlERnc4VnEtN3lPVUM5cWQtSi14eEdn?oc=5&hl=en-US&gl=US&ceid=US:en,WABE,"{'neg': 0.0, 'neu': 1.0, 'pos': 0.0, 'compound': 0.0}",Neutral
Navy Secretary John Phelan ends climate action plan as DoD cuts programs - Federal News Network,Navy Secretary John Phelan ends climate action plan as DoD cuts programs  Federal News Network,"Thu, 24 Apr 2025 22:29:25 GMT",https://news.google.com/rss/articles/CBMiwwFBVV95cUxPTjhFWi05Y3JDeTNITHpsRndPaTV5ODV3UnZZRW4zVXBIWlNvSGM0MlNUVFZaU1RuLVdBNGdJZUt2SlEtMGpBczVSbkdoaGlRM29TYngwTS1QV1kxQUFSSFY2dHY4UHFqb1dnZGY2WmNvWWxidGxYRDExbDRzTEoyNGZmckRRdUtwb2hBbUZpVXhIaExIRkFHdVF1eTViZWlldVNfbEttdzE2Q1pfZXZOZkhQMDg0cmx3Q1UtLTVkMDlhLWs?oc=5&hl=en-US&gl=US&ceid=US:en,Federal News Network,"{'neg': 0.136, 'neu': 0.864, 'pos': 0.0, 'compound': -0.296}",Negative
Navy secretary cancels Biden-era climate change policy - Stars and Stripes,Navy secretary cancels Biden-era climate change policy  Stars and Stripes,"Fri, 25 Apr 2025 17:32:58 GMT",https://news.google.com/rss/articles/CBMikwFBVV95cUxPNlo4TjI3WFd6THp2ZzlEWTV5cHNkZGRhSUh1MlFBWHZCa0ZfSVRuWjNYMFpoMjRfWHVJS0xldy1NaEo0MEJZbk5ib2dnQkFuTlRHbjB1ZXJmTklsTTZqRmR6ZkVVbkVKbjlPbDUyXzR0dXNfMUFMajhSdnNKWi0yaXE0bng3VlBHNWNGZEs1Mlh2aFE?oc=5&hl=en-US&gl=US&ceid=US:en,Stars and Stripes,"{'neg': 0.174, 'neu': 0.826, 'pos': 0.0, 'compound': -0.2263}",Negative
How the Trump administration is dismantling climate protections - PBS,How the Trump administration is dismantling climate protections  PBS,"Mon, 21 Apr 2025 22:15:06 GMT",https://news.google.com/rss/articles/CBMingFBVV95cUxNRldhaGdzcG8xaTAtLVZ3THp5OTNIdHV4QnV6eFJvZ21DZnVSMXp4dXcyM2k3dWFaZXNzQjg4XzluMW9RLTR5cDJNWklTZHpORmZsUkN6Uk1mY2YteHBOcjZnV0l4dklqaUxQR0c0R1ZGcWI2ZG1kZXhYcFE3a2RIbkxBemJVY0xWaTdFTTZaNlpwSjZKZXR3MklGc1JZZw?oc=5&hl=en-US&gl=US&ceid=US:en,PBS,"{'neg': 0.0, 'neu': 1.0, 'pos': 0.0, 'compound': 0.0}",Neutral
Why Pope Francis had the most progressive stance on climate change than any other pontiff in history - ABC News,Why Pope Francis had the most progressive stance on climate change than any other pontiff in history  ABC News,"Mon, 21 Apr 2025 19:48:29 GMT",https://news.google.com/rss/articles/CBMiqwFBVV95cUxOWThsRFcxZFQtSDVtY19xd2pQSmZRSWZERHhlNll3Yk5oODR1M0dkT1hUdDFmOWp5WHJLMzY4RjFnMDQ4d25XZWhOOWZhWFJfeTc4NVcxNXFVWmpNZjQzUUZSZmZsMDJ0MzRoN1E0bzRqZWM5UFZzbUlVUmF4R003QlYzMVRDUFNSMmZMcXRWQTZ2QzhuOWgyREFCVl9TcFh2aTVMOXVsUC1yV03SAbABQVVfeXFMTnRrZU13MnpaeURKQjlocVZST051M3QxTjVRVEhrU1F5MHV4aFQwNno5c2E2VXluRGRvODluWXctOHkycVdmN2RUNC1mZUU4cUQxUklMeVJrdXFna1BLcWFudFlobEZtOUkzTllYR013UkJDU0RFNDB1Z1RxVTBRZ1ZQSmVjOG9hbVhWV1B6YlFFcmJGYXN4bHRWcFkwZnozZXYtdUtpY0pXcE0zNklQRU8?oc=5&hl=en-US&gl=US&ceid=US:en,ABC News,"{'neg': 0.0, 'neu': 1.0, 'pos': 0.0, 'compound': 0.0}",Neutral
Pope Francis converted to the environmental cause and denounced those he blamed for climate change - AP News,Pope Francis converted to the environmental cause and denounced those he blamed for climate change  AP News,"Tue, 22 Apr 2025 10:58:00 GMT",https://news.google.com/rss/articles/CBMioAFBVV95cUxOY25xajFqYmZVd2c2SlhZbml5M3JJMW1WNDVraFVibTJqdGFYNVk2dHhPN2VOekctMmRyN3Z1b0djUjdVSXQxLTkyczVaeDByQzFIUjBpbXJTTms3ZWtkUTVzY0pMWk9hR1FzelZJMTctQWlUcXZQOW1OdTc2VjJCNjFMT1pPR1BqVkd6bzVVR29YVzcxODJ5Y1g1U19yVjQz?oc=5&hl=en-US&gl=US&ceid=US:en,AP News,"{'neg': 0.162, 'neu': 0.838, 'pos': 0.0, 'compound': -0.4767}",Negative
Climate action - UNEP - UN Environment Programme,Climate action  UNEP - UN Environment Programme,"Tue, 15 Apr 2025 07:00:00 GMT",https://news.google.com/rss/articles/CBMiVEFVX3lxTE9MR2tKQW5vcGpPbEcyeTVmWENwYkFhSS1JSmpra0dVaG5SR2g1QlViMS0wMVlnamxYdkFyX1ROWnZFX0JBTER0a2ZDVTg2Qm5sX2VpYg?oc=5&hl=en-US&gl=US&ceid=US:en,UNEP - UN Environment Programme,"{'neg': 0.0, 'neu': 1.0, 'pos': 0.0, 'compound': 0.0}",Neutral
B.C. climate news: Firefighting drones could change the way B.C. fights wildfires | China toughens up climate targets - Vancouver Sun,B.C. climate news: Firefighting drones could change the way B.C. fights wildfires | China toughens up climate targets  Vancouver Sun,"Sat, 26 Apr 2025 18:12:24 GMT",https://news.google.com/rss/articles/CBMidkFVX3lxTE9JbmRGc2FhRVFEX043WkZzTS1kVk44aHFQaGQycnlRMU5sSlRlTEFLbER2LXZvRjlFdW05VmdhSnEtdWZMcWh6ZXN5S1FUY2NWbUV6bU1aRWN2YWE5WFFBRTdaSzB1SVhuM3VPS05zRXMyWEtuTWc?oc=5&hl=en-US&gl=US&ceid=US:en,Vancouver Sun,"{'neg': 0.187, 'neu': 0.813, 'pos': 0.0, 'compound': -0.4404}",Negative
"Arizona's wildfire forecast is ... complicated. Drought, climate change disrupt rhythms - The Arizona Republic","Arizona's wildfire forecast is ... complicated. Drought, climate change disrupt rhythms  The Arizona Republic","Sat, 26 Apr 2025 12:02:25 GMT",https://news.google.com/rss/articles/CBMi6AFBVV95cUxPY3FPSnBtTFpTcDNsYnoxX1ZYR0RoUGxDZTlYTFFhZHpRdHNNTjdsZS0tVkpBZ3F3QW9KUlQ0Z1hkZVVsNUxVSzJFMGRUWDQ4YWpPVHNzakt0ZXQzYVg0UGVreGliT2xvUkdwb1A0NjhDczdNNkpkaGhxZUE2Q0o3aXJ5cW02Y3dGN0lGeGhKY3hUSWtWWmJiNURuNURTQ05ELUxNVzhYMFE2Xy1GRWJPUWs3Y085RVJHZkZNNnpWYXp1SUduTnNCMGtRVGRIWnhsOUROdWFnM0UyUXA1TWV3OTR4ajRiLWN0?oc=5&hl=en-US&gl=US&ceid=US:en,The Arizona Republic,"{'neg': 0.0, 'neu': 1.0, 'pos': 0.0, 'compound': 0.0}",Neutral
Americans spend nearly $100 billion a year on fishing. Here's how climate change is threatening the industry. - CBS News,Americans spend nearly $100 billion a year on fishing. Here's how climate change is threatening the industry.  CBS News,"Tue, 22 Apr 2025 11:38:00 GMT",https://news.google.com/rss/articles/CBMifkFVX3lxTE9ZTXdaaHRqd1FzaW1LdzQ1WWlpb0hwOHlrSHRNTU9NZHl1TlpnWEoyZ3ZfMlpQaldCdWlRVGxxRGtEUXl6Q2dhX21XTzNwRXB1RnVQR2RES09KX05iRWdaajBIRWVacFBrMWJ6YWIyTE1Da2NUMy03eGxfVHdPZ9IBgwFBVV95cUxNX051SlJPRkxXblBlMzYzaThmZE5GMUktTE9jRVNVNWJVOGRwMVVTYWg5WW1SZGlxT1RWX1JvTjNKY2FjVWY4ZllEbmpiM3YxcmtjQVl0SndGSkRSS1U3d2RjS2ZMaUNfQ0lETHpDeVJOcGp5U0E3cmlSTGtodUthbHB5cw?oc=5&hl=en-US&gl=US&ceid=US:en,CBS News,"{'neg': 0.167, 'neu': 0.833, 'pos': 0.0, 'compound': -0.5267}",Negative
"Pope Francis made climate change a moral crisis. Following his death, the world needs a new voice - ehn.org","Pope Francis made climate change a moral crisis. Following his death, the world needs a new voice  ehn.org","Fri, 25 Apr 2025 13:50:50 GMT",https://news.google.com/rss/articles/CBMitgFBVV95cUxQbF9XZ1dCdHlhejJJWDZMcEtvYzd5R0xiRmQxQVgzbjJ6dmNfT1haYmNFbVdfeTk1czF6MGNibS1LM195RnVxaTRGTnZOeGdHOERORF9Yck95UWl3QnhYOExBM28zUkprTHRBSDRTdV80Q19nVng5T1NQRU42SFVISGsyZTNqbVpReW53SHRJSWM4ZU9sV1Y2Qzgwd3Q4Nl84V2w2eVMwUjB4Qzl6c28wOFpEOGNIUQ?oc=5&hl=en-US&gl=US&ceid=US:en,ehn.org,"{'neg': 0.364, 'neu': 0.636, 'pos': 0.0, 'compound': -0.8402}",Negative
Insurance regulators encouraged to manage climate change risk - Green Central Banking,Insurance regulators encouraged to manage climate change risk  Green Central Banking,"Fri, 25 Apr 2025 14:19:06 GMT",https://news.google.com/rss/articles/CBMiqAFBVV95cUxNU1ZkdlN4a25nVHRWd2Y3ZFpKVml5dkNBQ2hNdEJ5SzgzRjRLcXNhMU1RUEpLYmtZbkV2c3hxblVydnlYZ3RGRExwbFZxVmhvaUpMdUFJSlF0bnJCUGxuQ1V5MVpmU2hhaUlEMjBaTzVENG0yX1VXQTNTcW9CREtReDgySFU5U0Y0UFczY2U4ZWpqcXVpWTAzcl9WM0hhYkdycV9pa0t0YU8?oc=5&hl=en-US&gl=US&ceid=US:en,Green Central Banking,"{'neg': 0.154, 'neu': 0.662, 'pos': 0.184, 'compound': 0.1027}",Positive
Climate change is officially the leading threat to imperiled species in the United States - Space,Climate change is officially the leading threat to imperiled species in the United States  Space,"Thu, 24 Apr 2025 13:01:00 GMT",https://news.google.com/rss/articles/CBMi1gFBVV95cUxOaVdHUHUwVnZMc2pQSElBWFNUc3NFMzVZc0RSZTJoTXFyRkptYy10YVdveFBnUUtGM2x2OVdKNHdkMlR1SHlIa05pRTRSeTROTUJMZnh1VHZaMWVDMmRJVURnY214bzNTVGhrdjdFWDlUOExqNkdPcEc5elNwLTVRTU8tX3lMTFFlekZYQm8yZDk0X0NveGZlZUI1RzFsUTZFd2YxNjl6QmoyWmJiODE0OUg0TzRBai1pZG5mN09NRnVaVDZjYU5hLTYxQW5Yd1d4aE1sOUZR?oc=5&hl=en-US&gl=US&ceid=US:en,Space,"{'neg': 0.177, 'neu': 0.677, 'pos': 0.146, 'compound': -0.1531}",Negative
