title,description,published_date,url,publisher
What Is Climate Change? - NASA Science (.gov),What Is Climate Change?  NASA Science (.gov),"Mon, 21 Oct 2024 07:00:00 GMT",https://news.google.com/rss/articles/CBMicEFVX3lxTE1NcEF4NVJaZUdBdWI0NjE0WUxqRFVwVEhzc19ETlM3NDUzbU1iemc2ejFaTjR4SExRc25PVjZqdUczQmtnVGZUcGJDQlJlYWZJaXAwMHA0Q0hfSWpZR1lsd2FtalBFMm1NVnRVSmJfbEo?oc=5&hl=en-US&gl=US&ceid=US:en,NASA Science (.gov)
Climate change mitigation: reducing emissions - European Environment Agency,Climate change mitigation: reducing emissions  European Environment Agency,"Wed, 16 Apr 2025 07:00:00 GMT",https://news.google.com/rss/articles/CBMikwFBVV95cUxOUFdSeDN0M05TbDlHekNWTWFxYTVkcm5Lc0RacHVneVgyOHYtc1duUzYwRE1iVGxrYnpqQ3VKeHNnckh2d01acTh4dUc4REd6c0NJdVRXM0M4bGhpUlZ3Z1NRQjBEM3lwTF9WYW93QTJtMUw5Q0k1V0NSZDJBeFBMMldhRnh3N1FlYmY2VE5XQmRSaDg?oc=5&hl=en-US&gl=US&ceid=US:en,European Environment Agency
Scientists Urge Global Action on Microbial Climate Solutions - American Society for Microbiology,Scientists Urge Global Action on Microbial Climate Solutions  American Society for Microbiology,"Mon, 11 Nov 2024 08:00:00 GMT",https://news.google.com/rss/articles/CBMimwFBVV95cUxQNmQ1WDRRTm5jaW1GckpFU1FIdEgzM2xaTlJuclFkMXpCOFVYRC1fbTl2WEo2QnRlQnlwQ0NId3FwVGF5WUJmNlV2WWhsWUFGc0JwdE10UEQzODdrYUFqVGZXb29CeXcxcDA0ZzN0OU00N3hubzdRelUzb3dfbXFyRTZEMFhyRVBFSlpncGU2Rnd3Y1RUYzZKNDNyTQ?oc=5&hl=en-US&gl=US&ceid=US:en,American Society for Microbiology
Climate change - Environmental Defense Fund,Climate change  Environmental Defense Fund,"Wed, 10 Jul 2024 16:01:21 GMT",https://news.google.com/rss/articles/CBMiVEFVX3lxTE5lcEtxc1VNS3Y5RENUdVpuT0VidVY4TTdfbC11dDUzRUJKdnhMcmZxdVE0SmFRbFJhNFc3dHhDVGV5alVhN25aMVhIMkZnREZNZjlINw?oc=5&hl=en-US&gl=US&ceid=US:en,Environmental Defense Fund
This is how climate change contributed to the California wildfires - ABC News,This is how climate change contributed to the California wildfires  ABC News,"Wed, 08 Jan 2025 08:00:00 GMT",https://news.google.com/rss/articles/CBMiogFBVV95cUxPZS1tTVBRbmpSQW5rNWNKakluc1BWd1dCYTNRcVNRT0NhMkdoTkxtRnF3cjluVXVWWDZ4bUpuSFhMWkdaSHRrdzhzdzRrZTVyTFFHamhOZG1yeDlJNXdjU2hXSFpfVU9zd1ZoTXNPSjhWRXluaXJDSlh5WEgzN2NMeHBBZHVwdml4bTVYUDc4X1hwODVDb2ZRLXBWNE9adWZnNnfSAacBQVVfeXFMTUZOVXkwenhsNVlBekJiN092TnMzU21iNGZEQ1I0azJPVFljbU13UGRDc0J0WkVST2JxeGYwcFVUX3ZoT2J4bEZjVHI4dkNGMVRhcWZLYmFNNEdINTVRMWNrQ1NKc2FxVHBOV24yaDROOTNwOGJsM3hIa25iZkFLcXVDVXI4X3ptQ1RNY3oxNG0yaU9aakJBOGFteGJvZG9KWnA5Zm5mX0k?oc=5&hl=en-US&gl=US&ceid=US:en,ABC News
Changes in U.S. voters’ top reasons to reduce global warming - Yale Program on Climate Change Communication,Changes in U.S. voters’ top reasons to reduce global warming  Yale Program on Climate Change Communication,"Thu, 12 Sep 2024 07:00:00 GMT",https://news.google.com/rss/articles/CBMihgFBVV95cUxQRFVEQnFjMXpnRVJTekVXZEw3UnQ2Ql9SMTdtSE9CeHdPbENMaXNScXM2V3hWOWtTVy10by1Mcm9LMVpIbjN5bEtsdEZUY3JINC1SMUc4aWZabmN5TUNZOHQyLXgxNC1iYjdwOTRQQWdPcE1nVTlYSGp5WUt4ZURFR1hnVXNJZw?oc=5&hl=en-US&gl=US&ceid=US:en,Yale Program on Climate Change Communication
Can villages help India achieve climate goals? - DW,Can villages help India achieve climate goals?  DW,"Tue, 08 Apr 2025 07:00:00 GMT",https://news.google.com/rss/articles/CBMiigFBVV95cUxNRU1rUGNQUE5RTVZNanEwRGEtSHctQ0l6a2Z4WWRScEtLUzYwNS00NXpiaEdfaXA0QjRjY2NVOXZIeW1fZ05iaktvNlR2YXcyU2pjN2I1LUI1aHRTVnBMQzhtblRvLVZ0Z1FVMHB3Q2R5WkhNTlE5aWcwaUk4OEM0ajlhWW5IYXZqeFE?oc=5&hl=en-US&gl=US&ceid=US:en,DW
Climate action and disaster risk reduction - UNDRR,Climate action and disaster risk reduction  UNDRR,"Fri, 13 Sep 2024 09:38:31 GMT",https://news.google.com/rss/articles/CBMirwFBVV95cUxQVzE2M3RUVlNnUURGcmNYTmhMX3dHY3FPVklob3Vwa2wxb2U2bHZtREl4WTlLSmxzbFFEcm1OTlZpZDhZUVJ1RUd3SnlxNnlmbEpRUzVqWEg2YlB1QnJwUkpGOVAxYVdFX0k2QzlUMlF0SmlyQ25XdFNYMWgtOGc2SWJQRVlJbmJySktTWVNlTjJ2ZDQ5RzROX2VRQzRqT0p5dzh0ZTNDd3VkY0dqMGpZ?oc=5&hl=en-US&gl=US&ceid=US:en,UNDRR
How does climate change affect coral reefs? - NOAA's National Ocean Service (.gov),How does climate change affect coral reefs?  NOAA's National Ocean Service (.gov),"Sun, 16 Jun 2024 07:00:00 GMT",https://news.google.com/rss/articles/CBMiakFVX3lxTE51YTdKYjhxcHpUdjI1YURSOGZGSVM1dzB5NlNGeDk0eEh4eVhmYUhaSklMbkR2MEVYaFVoT2RfakpQdDQ5Z0JuU2ZFb0IzN3RURGRzN0pMc0d2R0RoNC14eWljVFpxR1ZfMkE?oc=5&hl=en-US&gl=US&ceid=US:en,NOAA's National Ocean Service (.gov)
What is climate change? A really simple guide - BBC,What is climate change? A really simple guide  BBC,"Fri, 10 Jan 2025 08:00:00 GMT",https://news.google.com/rss/articles/CBMiY0FVX3lxTFBMeXhhRVdUdXdseWxhTzNKYkp5b0R5N3NyVGZ1UEEta2QyMmlZQzkyck03Yy1YQXhtNjJ0dENIZDRDVUxtNzI4VFd3eVU3Q0g4UEJSbFFnUmwwdC1VcmdHY2JLUdIBaEFVX3lxTE1yQUNhR212d0xqNkxlZ2g3SmM2Rk1DdnNySWNEWWtmUWQ3TjFTX21HNVF4aUY3YzQ5YVkyWGRyRl9kS0pXQWZGZUp5Ync1eXNkMFJMWENCRVMxMWVpODdWcXVTSnlFbFBU?oc=5&hl=en-US&gl=US&ceid=US:en,BBC
"When It Comes to Climate Change, Everything We Do Matters - Reasons to be Cheerful","When It Comes to Climate Change, Everything We Do Matters  Reasons to be Cheerful","Mon, 22 Jul 2024 07:00:00 GMT",https://news.google.com/rss/articles/CBMid0FVX3lxTFBkZ0pVWFdVUk80Zmp0SzdkVHhZdjR3aldVYnp1LWZ3bldTTlFLUW9CbEZ4Z2cwWUNraWxrUTk1QWRVNm11NmxrOU90b3NlbURlaUxKekNrZkxkbk5ZS2ZoUVpsaGNPa1FKZUVvbzgzeUxRam9TS1pF?oc=5&hl=en-US&gl=US&ceid=US:en,Reasons to be Cheerful
Climate Change Performance Index 2025 - Climate Change Performance Index (CCPI),Climate Change Performance Index 2025  Climate Change Performance Index (CCPI),"Wed, 20 Nov 2024 08:00:00 GMT",https://news.google.com/rss/articles/CBMickFVX3lxTE1yNkFBcmRCa3RRb0dic0FyZnAzeUZxZXFKRno3elduZGZRRW00R0JmUmJybjJ4TVJJS2FMVkd0SkR3am5QZFRfbEFVZnFCV0N3b3lHZDJ1TFM2SzdqblJkR3haX2IxZjZodGV3MjVuelVPdw?oc=5&hl=en-US&gl=US&ceid=US:en,Climate Change Performance Index (CCPI)
Climate change in Europe: facts and figures - European Parliament,Climate change in Europe: facts and figures  European Parliament,"Fri, 06 Dec 2024 08:00:00 GMT",https://news.google.com/rss/articles/CBMirAFBVV95cUxNUG83T1VOeWJGSnZaUkpPbENHZ0doOUowd25mb3NwZVRFRFF3Y0lmTWdET1diRHE3R3R3RmtHUWh0QXJEc05EN2pSNmJCLWtybnBwZmtTQUdjRTIzS0VJU2M1bzA3S1QwUEhJUkZUbFpRQVlQbENCSUZFc1lxeVZ1SHB5c3lHQVI5Y2N1eDgtbFAyRjc4Z0pQM0lYX0pHOEhWYm5YNl96MzFxMjl5?oc=5&hl=en-US&gl=US&ceid=US:en,European Parliament
"Increased Heat-Drought Combinations Could Damage Crops Globally, Says Study - State of the Planet","Increased Heat-Drought Combinations Could Damage Crops Globally, Says Study  State of the Planet","Mon, 20 Sep 2021 07:00:00 GMT",https://news.google.com/rss/articles/CBMivAFBVV95cUxOaDZuaVdud0d3R0hKaWdtVFVVXzE0YjVDY243UXg0SnBScl9zb3hpSnROTDVMajNSRWs1WS12UjB1dm1EZFhxa0ZoNlA5ZmhZM0h5eGFid0tOQktlZmlKQl9IUkMxcUJHMGxBbUJEZ19ET2NYRWwzS1kwQTlpdjFYWGRTbDR4aGcxT3ZVYTF4TkNHWkdwcUIyRkFYRDF1ZFhBa0VJb2x2a0doQW5TUGdBSm1sckRmeENPczJOSw?oc=5&hl=en-US&gl=US&ceid=US:en,State of the Planet
Climate change and biodiversity - Royal Society,Climate change and biodiversity  Royal Society,"Mon, 26 Feb 2024 07:16:42 GMT",https://news.google.com/rss/articles/CBMid0FVX3lxTE5veGp0dk9FdUJybWhwRnU4RnNsRmlMaFpKQURJVnhhdmFiYkdwY2gyN0FkQ284bjJfLW82MHdZUEYxbnlLcHRJLUdtSHNjNlNBbFlFYXUtbHAtVmpkZ2pEYU41SnFsQnNzWUYyNWdIZnE1Uk9IQV80?oc=5&hl=en-US&gl=US&ceid=US:en,Royal Society
Evolution of carbon sinks in a changing climate - PNAS,Evolution of carbon sinks in a changing climate  PNAS,"Tue, 01 Mar 2022 16:28:49 GMT",https://news.google.com/rss/articles/CBMiXEFVX3lxTE5fTWdNMThPOXdUcDFYLWZJZGxWM0VIRGxqWGhZZVZaaWdmeHQ3NlplSkduVm81RVlhQ19UMm9ITUFjMXJyZmN2eU8zSHh2VmhLSVJ2eFFhWl9TcmRC?oc=5&hl=en-US&gl=US&ceid=US:en,PNAS
Climate news to watch in 2024 - Yale Climate Connections,Climate news to watch in 2024  Yale Climate Connections,"Wed, 03 Jan 2024 08:00:00 GMT",https://news.google.com/rss/articles/CBMifkFVX3lxTE12VFpQdlJIZHc4em1JUERUZXNxenVEaEZGMktVdk9jcVNtdk5HeFl6eGJsVy1BWmxCeFpNRWppQ1N3d3NoQ1F4NFpqcV9QMkxweWdJWU00d1E4Ykg5Ty1sWFhRaW9jV21xdFdiaHRYRXBOMXk4d2U1dDl0UV9KQQ?oc=5&hl=en-US&gl=US&ceid=US:en,Yale Climate Connections
Mitigation and Adaptation - NASA Science (.gov),Mitigation and Adaptation  NASA Science (.gov),"Wed, 04 Dec 2024 08:00:00 GMT",https://news.google.com/rss/articles/CBMib0FVX3lxTFBOT29oOXl2UmFRWklNZVlkZ1NMNDdDVk1KVmpPYXdtcGVOUWtGOFd5NEx0TWUyVkxvZ3RFSGlfbldVZlVOZWM4WEdfeWZPQmhmY1B1LUU5SzdHSnlrZ1lXVEF6NmhNVnJQaXFwLXkwcw?oc=5&hl=en-US&gl=US&ceid=US:en,NASA Science (.gov)
India’s urban population is exploding. That could have huge consequences for the planet - CNN,India’s urban population is exploding. That could have huge consequences for the planet  CNN,"Thu, 07 Dec 2023 08:00:00 GMT",https://news.google.com/rss/articles/CBMijwFBVV95cUxPWnlxNDBmbE0yanBFcTk5TjYzWl83ZUJMSnJ6Zi1odWtteWdwcGJCNzNoM1loTE1pZXVQSUJicmU5ZWxQVGI0LU05ZENGcjItUGo5bFowTjhScGt5SVpTQ0p4UUo2Z0YtTG5BTFdUb0RNVHZ5VDh3OVlUT1pPYzNhQVF4Z1FUQ2dMMndCcFFZVdIBhgFBVV95cUxOWng3N3lXTlJMcEc2U2tjSFphUU5aLVlSbENuQTh3Vk9faEJSZDQtcjB3WWliQTd6R0FRVEIxUUlnekNmb193MV9nUDRMaE94VFBYeXZ0bk5YTnZ5TXdUNE42VXpsS084ZXZQTDloVHVfWTdCLXRDdldmaGhxY3A1Q1kzRVVqUQ?oc=5&hl=en-US&gl=US&ceid=US:en,CNN
What progress has the EU made against climate change? (infographics) - European Parliament,What progress has the EU made against climate change? (infographics)  European Parliament,"Wed, 20 Nov 2024 08:00:00 GMT",https://news.google.com/rss/articles/CBMiywFBVV95cUxOT0U2YmZaTzVkRmFoRzNRbWhXdVFTYWxzMm9pNW9jdXNkMFBpU3dMQTVTV296S0ExckUzSUhlcWNxcnlkMGVJRlduOGUyWlhNN2EzWHdzTWNkQ0RSTFE5RlpkaGpiMXh1OTUwUl9NSFBJS2QtTzVjREhvdWZfODVfaXhYbEhPUnhsYzVTN1ByWXpLZ3lHWnBld2tpYS1hbWRyNktCNFpUc1lNYTEzbF9yd3ZLaFhqczZvYUVwZGRLV1VhV09lQkwwX0pJRQ?oc=5&hl=en-US&gl=US&ceid=US:en,European Parliament
"Climate Change 2022: Impacts, Adaptation and Vulnerability, the Working Group II contribution to the Sixth Assessment Report - UNEP - UN Environment Programme","Climate Change 2022: Impacts, Adaptation and Vulnerability, the Working Group II contribution to the Sixth Assessment Report  UNEP - UN Environment Programme","Mon, 28 Feb 2022 08:00:00 GMT",https://news.google.com/rss/articles/CBMisAFBVV95cUxOWldndWZMNGJLanQ0dFF1VXJwMmk3czhqWGZySWtiYUs3ME8zQjE1d0RFejIwNnZsNmxzbzItTTBmMFM2eVB6V0I5TWJocUF3OVNjcDFFZHdBUXY2N0pKbW1OeGRTbm9kc1FmejlEbTJxTUJ6X2lVYjIta3MxaUdBSlBnQWlPYTM2WlRhbGduM1lGNEZ6eXJPZ3BoR2Y5STNDTFFqWDc0cjZJZkR6T1praw?oc=5&hl=en-US&gl=US&ceid=US:en,UNEP - UN Environment Programme
जलवायु परिवर्तन को रोकने के लिए पौधरोपण करना जरूरी : डॉ. कौशल - Dainik Bhaskar,जलवायु परिवर्तन को रोकने के लिए पौधरोपण करना जरूरी : डॉ. कौशल  Dainik Bhaskar,"Wed, 23 Apr 2025 22:59:04 GMT",https://news.google.com/rss/articles/CBMi2wFBVV95cUxObk5BRGJpUFd2cVVHbU42N1F4NUE1bThkSG4xb21rVWkxVGhLUGNLUklmb3lTY052Vlp5NFpBV294WXpSNDZqM2NjOVd4X2FqZ1VrZkdHNTlnU21wZjN3Vm1KdDNJNVhxYjRBRjdtMUlaR1RMN1YzekRUMGxPaHhINFpGY2RSekdIQ3VjMHhGdHBvWTNZbklCdEZrMnB0bnc2aWhRYWtubjB3NDV4ZU1PSUJoLUI2ZjFUc2oxT2U3cUdLZWQycEZfY0FSNG1ZUnVHdHhENGZNMUtsREXSAeABQVVfeXFMT0JCU1Y5THdQMU5ONHdNcDg4UzZSSkdWalJqeURNUDJmNDRfX1BSUUw4cjFtUW9RT0hPVzgzZFNFVjUxbzI4VzVjTUJlLUVmV0RwdnZTT0RidGh4NmYtRWN2QU5ZbEwxWGFsVHRBVmJVRFdscXpqOUlXVS1MNkJjTWxFekVvZ2RtVW1nYjZGUnh4aTljN2d3YmM2V0pVdm1hV2ZOdldMdkpMRWQ0RmJBNy11R1hldTYyUGdnX2JLZjd2Y0F5dWFEQm9zanZ5c2MyMnFuUWFoQ09zUkJHeXdnWVY?oc=5&hl=en-US&gl=US&ceid=US:en,Dainik Bhaskar
Why wetlands are key to mitigating impact of climate change #WEF24 - The World Economic Forum,Why wetlands are key to mitigating impact of climate change #WEF24  The World Economic Forum,"Thu, 21 Dec 2023 08:00:00 GMT",https://news.google.com/rss/articles/CBMikAFBVV95cUxPcUtydXJKNVhscVY3NFBfR1pfOEZRV3RRZkJRVTFDYTNEUUFXdnprQm1BTVFtaFRRX0tZbzM4azVCcHI3dFNJa2xXRmpsMDUwLW5oWTZKQzJSMzlZaVJHQ3JTcGx6NlNsQm9sUGxfN0g4eTFUZkNNcGZfdzlSSFFHenpSdTN6NFhETDdxdkpfVHk?oc=5&hl=en-US&gl=US&ceid=US:en,The World Economic Forum
Snow Leopards and Climate | Pages - World Wildlife Fund,Snow Leopards and Climate | Pages  World Wildlife Fund,"Wed, 15 Apr 2015 20:05:34 GMT",https://news.google.com/rss/articles/CBMibkFVX3lxTE9wWlcyRWZGaE9ST1pfTzdlUXJtd0V4emJudkI3aktNT2pvQkJhT1JfZVhrZ1hmYTg3MWZKUlJrZEZjNU5fUjluVVVIM21ESnBQSUNSM0Y0WXpOVU11eFZxQVl6LU9JMXZ0WVFPZWFn?oc=5&hl=en-US&gl=US&ceid=US:en,World Wildlife Fund
5 Benefits of Protected Areas - Rainforest Trust,5 Benefits of Protected Areas  Rainforest Trust,"Thu, 08 Oct 2020 07:00:00 GMT",https://news.google.com/rss/articles/CBMikwFBVV95cUxQZm02WTBpMDFqeG9IdkVRb2h5MnVvNzRnS3RjVWxKczdxZWlaS0p6elZMZFdROUxOamplSlZNa0k4elFWUHBxMlhhQklpSzVqVkRvdDZSVGdScmVnVFEzM1dlYm9vNVJHQUhCM0lLeklqbkZTaFpQemtOZ1JhNkZhdDdmTVp0MVBEWkJGcHRCYVhLYms?oc=5&hl=en-US&gl=US&ceid=US:en,Rainforest Trust
Snakebite and climate change: a call for urgent action to future-proof a neglected tropical disease - World Health Organization (WHO),Snakebite and climate change: a call for urgent action to future-proof a neglected tropical disease  World Health Organization (WHO),"Fri, 12 Jan 2024 08:00:00 GMT",https://news.google.com/rss/articles/CBMi2AFBVV95cUxOYW5DVTBzTVdPNlFpT0VqMFBXZmZVbTFyaGxQOVMwbEhid012UFk3TlhDSmhtYnQwVTRHYi1OWGpYTGdqRTBhUzdNOGZsZG9hRm0xRUpyaUNIMXVnMmFmU29oeUxHRzlJU0tDUVB2Vzk3OVIyQllrVzN3MGtyY1VGeXhzR2FmUjliUUpzWWdDUExwNjZucEl4aTRZeVVZbHFMUFFPeWlTVm5ZekYyS3E4UlZvRVJDU3JrRGl5QnNSTkRuX3hvN1BBSDZubjRHcC0wT1d0c0l6a3A?oc=5&hl=en-US&gl=US&ceid=US:en,World Health Organization (WHO)
Heatwaves and cyclones: India’s tryst with climate change - Mint,Heatwaves and cyclones: India’s tryst with climate change  Mint,"Fri, 31 May 2024 07:00:00 GMT",https://news.google.com/rss/articles/CBMivgFBVV95cUxQT1NFQmRrQTRfRFphYTZhOUxhaGg2RHdFcU5GVFJlVmRMMmstakNTck1pbmxiRFVCU001VHBBWFNWUjVTcEk5Y2J3WC1DTmRCSGNWcDdYa1JBdlhfYk1ocW14V1llY21fcUFrRDlpenNjcnBJdUJvSFJwQi00ZDA2anQ5RGtQeW5DOGhkcUI1YWNRYVBsSnJSUFVWLS1KRGhFRmo3ZmRvenNxNW45Wl84Sk81OWpGSFZSTFBXeEVR0gHDAUFVX3lxTFBEa3VFZGkzZFhqUnBYQ2FQallzSlVzSDI2SEN6RHlKRV9fQl9INFpLUmxFYTFRdzlURnN0TTdKbVFxSnB2Qkk5MldhbG03MXdjZHhXaHItRERucFpGMWRXOUg4RS05dGZsZ3UwVUlNWEpTRngxMDFWMEY1ek1xY0FJenc2T1FKMi1HVHAwc0FYbmlBUGZfLVpjTXJGdXZmbUEwZE5MSmJnUEtRcTQwUGVhSHlXTzRFb0xSSDZXUHJxeEhtOA?oc=5&hl=en-US&gl=US&ceid=US:en,Mint
Climate change: evidence and causes - Royal Society,Climate change: evidence and causes  Royal Society,"Tue, 27 Feb 2024 05:02:55 GMT",https://news.google.com/rss/articles/CBMiqAFBVV95cUxOWU4wbkxKdXFEcXE4dXg0YVRqLTF4c1lqQWFVVzdxbUc5VjRxUmZjSmQ0cjhNeS1YeGF5X3VJUFJfTm9FME9OTVpGRWNMUkh3Vm1RZmF5MUVFcFpPTmJUSDA1WG0yYUQxa04ydEVoekVLY0JYZTVLYTVmWVZGN3pIelhnQkM2aXJTQVE5cWVBSGRRRXBMVTVEUXpEV1NPNUJueWYzdU5QakI?oc=5&hl=en-US&gl=US&ceid=US:en,Royal Society
Financing a sustainable transition - Deloitte,Financing a sustainable transition  Deloitte,"Tue, 18 Aug 2020 07:00:00 GMT",https://news.google.com/rss/articles/CBMinwFBVV95cUxOQWpnMmlabS0wa09HUGktSW4wZ1lieGZfT25GUUk2d0RTOU1qTXJDZ25XME81VWppTThhaDZvbGdfLXJzWG5YR09pbllhcEJnZlR3bmZZaXZUX2RnWDZ6V3NLaVhmZFBUNUFHV0R6XzRuYUhGR0RweTlwZzJiTUNmNDVOSzltWjNDTDNMa3NhM3NtR3RVZXZvRGRtb2RBbWM?oc=5&hl=en-US&gl=US&ceid=US:en,Deloitte
Why is net zero so important in the fight against climate change? - LSE,Why is net zero so important in the fight against climate change?  LSE,"Wed, 08 Feb 2023 08:00:00 GMT",https://news.google.com/rss/articles/CBMitwFBVV95cUxPX01HS19oOFducTNqZHFxZWJGME0xald0RkF1OVB0SEJwVjRPQm9IeE15QWRIVzc3Vk1oYmttX0FWZVQ0eHVQMXdXMUw5bTltdXo4RVB6dVlncWJDVENwY2pWakxveHlKU2RLVGRuaTZZRlJjWDIwcVBveVJWNHFCUEZ6cHFLUmZkQXVENVpxN01BVEZYclZGa25hbDBOVFpURTMxV1BuZFRRcGF1WDJjSlp0ZXVLYU0?oc=5&hl=en-US&gl=US&ceid=US:en,LSE
Water – at the center of the climate crisis - Welcome to the United Nations,Water – at the center of the climate crisis  Welcome to the United Nations,"Wed, 01 Feb 2023 21:44:57 GMT",https://news.google.com/rss/articles/CBMickFVX3lxTE1nZkgzOTZLNGw0Tm00dDJGLUxmcHVFaUMzalE5SGxMRkNURkE1dFhBRmRXX2EtQmtXaUVCTlRIcEtJV0VzN1ZXSHlMODV5R2cteENzeEtSZFlndWxKWTZ2X1FaWjdTdk4xSTFvalFmd0Vfdw?oc=5&hl=en-US&gl=US&ceid=US:en,Welcome to the United Nations
Causes and Effects of Climate Change - Welcome to the United Nations,Causes and Effects of Climate Change  Welcome to the United Nations,"Mon, 21 Mar 2022 10:22:33 GMT",https://news.google.com/rss/articles/CBMifkFVX3lxTE1IZ1VmLXNQdk44YW9fbzdIY2NqeWdPRmxXZTVGWDdHbEtQbmx1OTdDTHRmWVZuYnNZZHozeWtfbVV4SExsOWpraFZFQjRYVDVuOFFCOVVZUTh2NEpoTjVyTVp2WC1MLVlaWkNHZzNfWFVRNjlab2M1YWo3UklGZw?oc=5&hl=en-US&gl=US&ceid=US:en,Welcome to the United Nations
Experts warn climate change will fuel spread of infectious diseases - University of California - Davis Health,Experts warn climate change will fuel spread of infectious diseases  University of California - Davis Health,"Wed, 20 Mar 2024 07:00:00 GMT",https://news.google.com/rss/articles/CBMiugFBVV95cUxOSkRxYkRweFI5YWowS2FEZV8yRnNHRHdRQk84WGpxWjA1VjM5UVpwU1RQRmt5X0pPdWNzSS1zbHdFQTlfeU4xbXBwSDRGQW92LU9fdnoxRWpGOHhieGZDdXhNYzE0Q01hVU5YWGdQaXFPWTdtMGZGU05VajFVQ05pNW1uRjVlOWtTTjRSTmVyM05yY0dmMDc0NVJPUDVQb1lhSDZmcUg0MTBLTjlrY0twQXZUXzl1QUt2VFE?oc=5&hl=en-US&gl=US&ceid=US:en,University of California - Davis Health
Mānoa: UH telescope to help collect essential climate change data - University of Hawaiʻi at Mānoa,Mānoa: UH telescope to help collect essential climate change data  University of Hawaiʻi at Mānoa,"Fri, 16 Dec 2022 08:00:00 GMT",https://news.google.com/rss/articles/CBMiYEFVX3lxTE5WNlBGQjVYSDl1WERIS2wyVXVRLXRvVU9yNnMzc0Jya3dFY3RtQUQyTlR1T0ZpY0VmdkpGQktEdUdBbkptSkxjRktQbmZWcXZoYXVsaGNPek9uSlhKa19UXw?oc=5&hl=en-US&gl=US&ceid=US:en,University of Hawaiʻi at Mānoa
Puerto Ricans: We Won’t Become Resilient Until We Have an Equitable and Just Recovery - The Equation - Union of Concerned Scientists,Puerto Ricans: We Won’t Become Resilient Until We Have an Equitable and Just Recovery  The Equation - Union of Concerned Scientists,"Wed, 28 Sep 2022 07:00:00 GMT",https://news.google.com/rss/articles/CBMiwwFBVV95cUxNNzFlTGlmQU9hSEVfUUxUZk9jbGZrZmZLcGJmUWpvWld3UW14Nk1fX3FtSENzRjVpV1RuRFRKdk1KNHVNVXRUdWMzUVV3Z2NRNW5NLWFTUl96UjRNWFdpTUo4ODBiSFdRLUJxbGVIekJCMTJPaVVoN0V6TlJwTnRRWklMNnVrY0ZjZklnMUhhaVJWYTBZRlN5UlhNWEpHLUM0cGdZYmRkaEdic3hyLUxMT2Z3RE52dnRKUFRxcTktS2FlSkE?oc=5&hl=en-US&gl=US&ceid=US:en,The Equation - Union of Concerned Scientists
Climate Shift Index - Climate Central,Climate Shift Index  Climate Central,"Sat, 30 Sep 2023 09:27:12 GMT",https://news.google.com/rss/articles/CBMiX0FVX3lxTE13a2FuUldpaTc2OXFvTm05c2VtTWJKdG5uNzRhLVZkcW1lYjJIVFFKOXg5TzBNeGdLcXkwSnFEWFo0ZEhCYXJNRlF1QVhkaFV2eXRxWDRKM3pBTl8tYm9F?oc=5&hl=en-US&gl=US&ceid=US:en,Climate Central
Why the next two years are critical for the Paris climate deal’s survival - The Conversation,Why the next two years are critical for the Paris climate deal’s survival  The Conversation,"Tue, 04 Dec 2018 08:00:00 GMT",https://news.google.com/rss/articles/CBMiqwFBVV95cUxNTmNDN3F5NVB2eXZVZlZyYTcyNk1HOTV5NmhBMW5FbEJPcmdBNUJKZTdwRTBENUhodGFma0xqVGxudWpnU1Z6Vm1reW92ZmJURWJhWEVPYTdjdzZOLVk3dGF5WE11LUt5amR5OG51eW9GeDhOWk9vb29PWExGbjQ2VlBqcF9NUGJxLWNsR0FQSGoyUDk3Y2lFaTZXSTc3YmthZlpCSnlHR1BGYlk?oc=5&hl=en-US&gl=US&ceid=US:en,The Conversation
Causes of climate change - European Commission,Causes of climate change  European Commission,"Tue, 20 Sep 2022 08:05:53 GMT",https://news.google.com/rss/articles/CBMid0FVX3lxTE81dzVPWHU0TVFqMU9vN3VGcjFsUnlxeWctcTJVYVlmV0dGNVR6ZHBWbWo2bmR1SUtvREE3enBfUVpEa05ncnZyZEVZR3J1QmJFdGNHOEhCNkZTa2ZydlpmcTF5dURselVUSTVtVnpNd2pwbWxvSjdB?oc=5&hl=en-US&gl=US&ceid=US:en,European Commission
Europe fries in a heat wave made ‘more intense by climate change’ - politico.eu,Europe fries in a heat wave made ‘more intense by climate change’  politico.eu,"Mon, 02 Aug 2021 07:00:00 GMT",https://news.google.com/rss/articles/CBMinAFBVV95cUxQcWNNU0swMERuZkttQXE4M0JZVUM3ZVA2V044a2VCYnphY3JIQ2JZbHMtZS03T0dzZTE2TlRPT2FLekJXS2NmQWRhdV9QZ2lHR0VRRlNoTjlNSlhOT2FDN2daTmJFaEZyVk04RVpHaldkdVk2TWp0LTBQMEFrd2VtNDV4bzNCVnpPQ0N3cV9iN25RVlFaTEZkWkNMUkk?oc=5&hl=en-US&gl=US&ceid=US:en,politico.eu
Climate change and locust outbreak in East Africa - Nature,Climate change and locust outbreak in East Africa  Nature,"Tue, 30 Jun 2020 07:00:00 GMT",https://news.google.com/rss/articles/CBMiXkFVX3lxTE95cFpJZ1F1b254Tm9xaWtiLU9qVGRYMmRGVVB0NjRyempSdlNtdHlDZ2dnNG5HSEFld21FYnN1UEIzZHFpMl95QkpUamlSVllpQjJTYUxhODA3S1hsZEE?oc=5&hl=en-US&gl=US&ceid=US:en,Nature
Climate Impacts - Union of Concerned Scientists,Climate Impacts  Union of Concerned Scientists,"Sun, 13 Oct 2019 01:03:29 GMT",https://news.google.com/rss/articles/CBMiT0FVX3lxTFBuOFhKdjVlRWhjVktoSEpONWU0SEd1U0wtOVJ5Z05IZ1l3NXNyb0NLSmhtLXA3T19mVVFmZndHc2F2QzNtVnpsN2lGanFTS0U?oc=5&hl=en-US&gl=US&ceid=US:en,Union of Concerned Scientists
Visualizing Climate Disasters’ Surprising Cascading Effects - Scientific American,Visualizing Climate Disasters’ Surprising Cascading Effects  Scientific American,"Thu, 01 Feb 2024 08:00:00 GMT",https://news.google.com/rss/articles/CBMipAFBVV95cUxPWnBHbW1DUGJvalBXaWdYSTBYbnBIOWxMd1hpQXd2UEFnX21uMUd0RnprWE5QT3pTb3Y4QzRKVDZ0ZkdnZjRYS0FqVmpHUDRKcDRjeWJLMUJxaThma2tTczNOUWp3UDdhODNfc2tCbGVDZzlwSnhVejZ6WnJXdVhPaUpfSXo2ajM4dGNHWWdCT1Jic2w0NlFRRXhOTUNzb2NXSi12ZQ?oc=5&hl=en-US&gl=US&ceid=US:en,Scientific American
Teach About Climate Change With 30 Graphs From The New York Times (Published 2024) - The New York Times,Teach About Climate Change With 30 Graphs From The New York Times (Published 2024)  The New York Times,"Wed, 31 Jan 2024 08:00:00 GMT",https://news.google.com/rss/articles/CBMixgFBVV95cUxOMzZqeEFFNmQ2QXB1VFFpLTkzVVdmS0h3QnQ0S2ktbEpRdEZUaDhpUGUwUHhQWFpyLUhQS0d1UlFoSmhqSjBXS0ZDWWJYM2NQZEpjeGNBZEpPMnB2T2J0eTZwU1kxZkdYWlR4WHRhOEtsWDRVMTZRcVRvM2Nmcl9wcXljMUZvM3RISEs5VnJUSjFnQ0h6NWVRN2pieDVNX0ZEanhZdHNVTzFZQjRvVnNRQ2NKT1JLOEhqTGtsVUtVd3R0c0tDVUE?oc=5&hl=en-US&gl=US&ceid=US:en,The New York Times
Climate change triggering global collapse in insect numbers: stressed farmland shows 63% decline – new research - The Conversation,Climate change triggering global collapse in insect numbers: stressed farmland shows 63% decline – new research  The Conversation,"Wed, 20 Apr 2022 07:00:00 GMT",https://news.google.com/rss/articles/CBMi2gFBVV95cUxOTjdEb1lLeDZnSnQydk1Lc1hlSnJTRng3dWhGS0dpV2p5Ql9ueWpsYkNnSFFMOV9ZQ05tSHRiQU5RbHpGQ2U2blRmZ3c0UTJ5SFYxMUlUWTIySllYOXRuX3BCUGFzVkhvM1FzLW41eDUxZUhnaWVSTHFhMXJBSERIeXNZSldCVkV3WXVaalM2djh0TFJVWG1tQ2gta3lXdDUtM0NRRTRhaXl3aE5ieUJXYW5IeHAzRm5JMDVvcUVqVUNTVDI0YzZlM3pHODI0VWJMWUJsWV9wVE94Zw?oc=5&hl=en-US&gl=US&ceid=US:en,The Conversation
How is climate change impacting the world’s ocean - Welcome to the United Nations,How is climate change impacting the world’s ocean  Welcome to the United Nations,"Tue, 07 Jun 2022 22:34:19 GMT",https://news.google.com/rss/articles/CBMifEFVX3lxTE1ZSDNXRDFsdnowaTd2NWQxalJpbGlDb3N3bm9uQ3hCc2FDVUExMnF3a21VRkxuYXJZNnZ2RzhhcGluUGhucEhmOHdxUEFYYTVGa0JWY2t1SXU1TFdmZEZ3Z2pFajdLVW0yMU1oVmlPMUprSUdMQTZqRVFIQ0M?oc=5&hl=en-US&gl=US&ceid=US:en,Welcome to the United Nations
Climate Change - Welcome to the United Nations,Climate Change  Welcome to the United Nations,"Sun, 03 Jan 2021 15:12:27 GMT",https://news.google.com/rss/articles/CBMiX0FVX3lxTFAwVmhKQk1laW1KaHhGWmszdGloTlNiQUJoYjJFenYxR1Y1M2lucmZINFB5RF9fOXRCY0RaMjQ1NEVscnItcWtNS1k2M1hDT2E4NWktRklobFpVU2dod19B?oc=5&hl=en-US&gl=US&ceid=US:en,Welcome to the United Nations
Climate change in the Amazon - Panda.org,Climate change in the Amazon  Panda.org,"Wed, 18 Nov 2020 05:08:50 GMT",https://news.google.com/rss/articles/CBMipAFBVV95cUxQeG5aQS1walBQSUNVYng2V1pwVnpud29ZQVRIWVlVRUd3TTBLZC1BQ2xnMTZUNUJrLVVhZV9ScTBJa2paYjVyNVp4NURRU1U5Mkx0cHVIWlZYU1pYeGJDR3k0NnNZcjk2UWRHcEQ1czg0Vkx1b2pmYWdFV19tV3R3TmxCZG1LNFQtOGZ5dWVzZ2xOa1ZBN0tpdXBKU19kOXBlQk5zXw?oc=5&hl=en-US&gl=US&ceid=US:en,Panda.org
Bending the curve on climate change for California and the world - University of California,Bending the curve on climate change for California and the world  University of California,"Mon, 19 Oct 2015 07:00:00 GMT",https://news.google.com/rss/articles/CBMimAFBVV95cUxQaThrMFdBZWo0VzJyNXNMNC1hZXJucnQzTEZVUkdGdmpVdmxTOGZVaFB3YUxWWENTU2dQa2tQbXlsY3FIT0dvLVItQjZIODJLeFlqeGt0dkozWmRlSlBKUVVKWUFRb1FRVXZQcFBFX2ljOTdCaV85SEJlMzFLdjZROTNGQ0V1Z001b3ZxcmtobHNkdXN0NFIwcQ?oc=5&hl=en-US&gl=US&ceid=US:en,University of California
China’s Fight Against Climate Change and Environmental Degradation - Council on Foreign Relations,China’s Fight Against Climate Change and Environmental Degradation  Council on Foreign Relations,"Wed, 19 May 2021 07:00:00 GMT",https://news.google.com/rss/articles/CBMikgFBVV95cUxQYnJoTWwtc0J1WTBmeXhtak5UUGpaOG11c2dmbU1PWnF0SkNNaUpzTENQQ3g3TlI4WTF2c2VubEJMcXlJbjRnd3B4dGY5OE1sdVZkZ3gxSGlyUzQwckRFcXZId2FnMEZJdno0eS1SZnUxWFRtcng0ZzFONUtMaTFKbU53eEhOVG8tUTh0OGtrWjN2QQ?oc=5&hl=en-US&gl=US&ceid=US:en,Council on Foreign Relations
IPCC report spotlights mental health impacts of climate change - Climate Home News,IPCC report spotlights mental health impacts of climate change  Climate Home News,"Wed, 02 Mar 2022 08:00:00 GMT",https://news.google.com/rss/articles/CBMitgFBVV95cUxPN3pkZEVaYVFPeGd2bVkwMGFqdk9EbkxXTlhyTmRXY092eWFNSHVGZjNRZTdSU2IyZW9LQ1duNGkzODc2aVRkSlZLd3BNSWJjbHBxMVEtMGppR1VySGh4d0FkR0lkVDlDYVFmdjk0Y01nTHRYTG0wWnRhdjFTZmdWMGxHb2p0MmQ5M2hpRDAzOGR4V0VDMFB6enNBLXVoNkczTEUwR3B0WmxON3JjSVlpTkNSUExYZw?oc=5&hl=en-US&gl=US&ceid=US:en,Climate Home News
